<?xml version="1.0" encoding="utf-8"?>
<scene PGFVersion="0.19" GSCVersion="0.10.4" id="id529889">
  <layers>
    <layer id="id342504">
      <actors>
        <actor id="id830877" prototype="id232481">
          <attributes>
            <point id="position">
              <real id="x">240</real>
              <real id="y">160</real>
            </point>
            <size id="size">
              <real id="width">480</real>
              <real id="height">320</real>
            </size>
            <angle id="rotation">0</angle>
            <color id="color">
              <real id="red">1</real>
              <real id="green">1</real>
              <real id="blue">1</real>
              <real id="alpha">1</real>
            </color>
            <image id="image">Top down position 1</image>
          </attributes>
          <behaviors>
            <behavior id="id441580" class="AnimateBehavior" enabled="true">
              <attributes>
                <text id="name">Animate</text>
                <text id="bundleName">Animate.behavior</text>
                <text id="images">1	2	3	4	5	6</text>
                <index id="speed">30</index>
                <boolean id="loop">true</boolean>
                <boolean id="restoreActorImage">true</boolean>
              </attributes>
            </behavior>
            <behavior id="id177179" class="TimerBehavior" enabled="true">
              <attributes>
                <text id="name">Timer</text>
                <text id="bundleName">Timer.behavior</text>
                <index id="timerType">0</index>
                <real id="interval">3</real>
                <boolean id="runToCompletion">false</boolean>
              </attributes>
              <behaviors>
                <behavior id="id498381" class="SpawnAction" enabled="true">
                  <attributes>
                    <text id="name">Spawn Actor</text>
                    <text id="bundleName">Spawn.behavior</text>
                    <text id="prototypeKey">id324159</text>
                    <angle id="direction">0</angle>
                    <index id="directionSpace">0</index>
                    <real id="x">
                      <expression>
                        <string>random(100,300)</string>
                      </expression>
                    </real>
                    <real id="y">300</real>
                    <index id="positionSpace">1</index>
                    <index id="layerOrder">0</index>
                  </attributes>
                </behavior>
              </behaviors>
            </behavior>
            <behavior id="id939734" class="TimerBehavior" enabled="true">
              <attributes>
                <text id="name">Timer</text>
                <text id="bundleName">Timer.behavior</text>
                <index id="timerType">1</index>
                <real id="interval">60</real>
                <boolean id="runToCompletion">false</boolean>
              </attributes>
              <behaviors>
                <behavior id="id946778" class="DisplayTextBehavior" enabled="true">
                  <attributes>
                    <text id="name">Display Text</text>
                    <text id="bundleName">DisplayText.behavior</text>
                    <text id="text">You WIN</text>
                    <text id="font">Arial</text>
                    <real id="size">60</real>
                    <index id="alignment">1</index>
                    <boolean id="wrap">false</boolean>
                    <color id="color">
                      <real id="red">1</real>
                      <real id="green">1</real>
                      <real id="blue">1</real>
                      <real id="alpha">1</real>
                    </color>
                  </attributes>
                </behavior>
              </behaviors>
            </behavior>
            <behavior id="id941847" class="TimerBehavior" enabled="true">
              <attributes>
                <text id="name">Timer</text>
                <text id="bundleName">Timer.behavior</text>
                <index id="timerType">0</index>
                <real id="interval">5</real>
                <boolean id="runToCompletion">false</boolean>
              </attributes>
              <behaviors>
                <behavior id="id513028" class="SpawnAction" enabled="true">
                  <attributes>
                    <text id="name">Spawn Actor</text>
                    <text id="bundleName">Spawn.behavior</text>
                    <text id="prototypeKey">id350426</text>
                    <angle id="direction">0</angle>
                    <index id="directionSpace">0</index>
                    <real id="x">150</real>
                    <real id="y">10</real>
                    <index id="positionSpace">0</index>
                    <index id="layerOrder">0</index>
                  </attributes>
                </behavior>
              </behaviors>
            </behavior>
            <behavior id="id297611" class="TimerBehavior" enabled="true">
              <attributes>
                <text id="name">Timer</text>
                <text id="bundleName">Timer.behavior</text>
                <index id="timerType">0</index>
                <real id="interval">7</real>
                <boolean id="runToCompletion">false</boolean>
              </attributes>
              <behaviors>
                <behavior id="id186173" class="SpawnAction" enabled="true">
                  <attributes>
                    <text id="name">Spawn Actor</text>
                    <text id="bundleName">Spawn.behavior</text>
                    <text id="prototypeKey">id717767</text>
                    <angle id="direction">0</angle>
                    <index id="directionSpace">1</index>
                    <real id="x">90</real>
                    <real id="y">300</real>
                    <index id="positionSpace">1</index>
                    <index id="layerOrder">0</index>
                  </attributes>
                </behavior>
              </behaviors>
            </behavior>
            <behavior id="id529434" class="TimerBehavior" enabled="true">
              <attributes>
                <text id="name">Timer</text>
                <text id="bundleName">Timer.behavior</text>
                <index id="timerType">0</index>
                <real id="interval">
                  <expression>
                    <string>random(3, 12)</string>
                  </expression>
                </real>
                <boolean id="runToCompletion">false</boolean>
              </attributes>
              <behaviors>
                <behavior id="id867568" class="SpawnAction" enabled="true">
                  <attributes>
                    <text id="name">Spawn Actor</text>
                    <text id="bundleName">Spawn.behavior</text>
                    <text id="prototypeKey">id772268</text>
                    <angle id="direction">0</angle>
                    <index id="directionSpace">0</index>
                    <real id="x">400</real>
                    <real id="y">275</real>
                    <index id="positionSpace">1</index>
                    <index id="layerOrder">0</index>
                  </attributes>
                </behavior>
              </behaviors>
            </behavior>
            <behavior id="id320558" class="TimerBehavior" enabled="true">
              <attributes>
                <text id="name">Timer</text>
                <text id="bundleName">Timer.behavior</text>
                <index id="timerType">0</index>
                <real id="interval">10</real>
                <boolean id="runToCompletion">false</boolean>
              </attributes>
              <behaviors>
                <behavior id="id900042" class="ChangeAttributeAction" enabled="true">
                  <attributes>
                    <text id="name">Change Attribute</text>
                    <text id="bundleName">ChangeAttribute.behavior</text>
                    <text id="targetAttribute">game.attributes.id891067</text>
                    <text id="RHS">
                      <expression>
                        <reference keypath="game.attributes.id891067" />
                        <string>  * 2</string>
                      </expression>
                    </text>
                  </attributes>
                </behavior>
              </behaviors>
            </behavior>
            <behavior id="id870426" class="RuleBehavior" enabled="true">
              <attributes>
                <text id="name">Rule</text>
                <text id="bundleName">Rule.behavior</text>
                <real id="compoundConditionKind">0</real>
              </attributes>
              <conditions>
                <condition id="id900764" eventType="mouse position" pluginPredicateTypeIndex="0" class="AttributeCondition">
                  <attributes>
                    <index id="conditionType">1</index>
                    <text id="subjectAttribute">game.attributes.id891067</text>
                    <text id="name">default name</text>
                  </attributes>
                  <predicate type="number">
                    <attributes>
                      <text id="operator">&gt;=</text>
                      <real id="RHS">
                        <expression>
                          <reference keypath="game.attributes.id735605" />
                        </expression>
                      </real>
                    </attributes>
                  </predicate>
                </condition>
              </conditions>
              <behaviors>
                <behavior id="id118162" class="ChangeAttributeAction" enabled="true">
                  <attributes>
                    <text id="name">Change Attribute</text>
                    <text id="bundleName">ChangeAttribute.behavior</text>
                    <text id="targetAttribute">game.attributes.id891067</text>
                    <text id="RHS">
                      <expression>
                        <reference keypath="game.attributes.id735605" />
                      </expression>
                    </text>
                  </attributes>
                </behavior>
                <behavior id="id581244" class="TimerBehavior" enabled="true">
                  <attributes>
                    <text id="name">Timer</text>
                    <text id="bundleName">Timer.behavior</text>
                    <index id="timerType">0</index>
                    <real id="interval">2.5</real>
                    <boolean id="runToCompletion">false</boolean>
                  </attributes>
                  <behaviors>
                    <behavior id="id553195" class="SpawnAction" enabled="true">
                      <attributes>
                        <text id="name">Spawn Actor</text>
                        <text id="bundleName">Spawn.behavior</text>
                        <text id="prototypeKey">id324159</text>
                        <angle id="direction">0</angle>
                        <index id="directionSpace">1</index>
                        <real id="x">
                          <expression>
                            <string>random(100, 300)</string>
                          </expression>
                        </real>
                        <real id="y">300</real>
                        <index id="positionSpace">1</index>
                        <index id="layerOrder">0</index>
                      </attributes>
                    </behavior>
                  </behaviors>
                </behavior>
              </behaviors>
            </behavior>
            <behavior id="id124214" class="RuleBehavior" enabled="true">
              <attributes>
                <text id="name">Rule</text>
                <text id="bundleName">Rule.behavior</text>
                <real id="compoundConditionKind">0</real>
              </attributes>
              <conditions>
                <condition id="id822705" eventType="mouse position" pluginPredicateTypeIndex="0" class="AttributeCondition">
                  <attributes>
                    <index id="conditionType">1</index>
                    <text id="subjectAttribute">game.attributes.id311460</text>
                    <text id="name">default name</text>
                  </attributes>
                  <predicate type="number">
                    <attributes>
                      <text id="operator">&gt;</text>
                      <real id="RHS">0</real>
                    </attributes>
                  </predicate>
                </condition>
              </conditions>
              <behaviors>
                <behavior id="id646578" class="TimerBehavior" enabled="true">
                  <attributes>
                    <text id="name">Timer</text>
                    <text id="bundleName">Timer.behavior</text>
                    <index id="timerType">0</index>
                    <real id="interval">1</real>
                    <boolean id="runToCompletion">false</boolean>
                  </attributes>
                  <behaviors>
                    <behavior id="id943217" class="ChangeAttributeAction" enabled="true">
                      <attributes>
                        <text id="name">Change Attribute</text>
                        <text id="bundleName">ChangeAttribute.behavior</text>
                        <text id="targetAttribute">game.attributes.id311460</text>
                        <text id="RHS">
                          <expression>
                            <reference keypath="game.attributes.id311460" />
                            <string>-1</string>
                          </expression>
                        </text>
                      </attributes>
                    </behavior>
                  </behaviors>
                </behavior>
              </behaviors>
            </behavior>
            <behavior id="id984339" class="RuleBehavior" enabled="true">
              <attributes>
                <text id="name">Rule</text>
                <text id="bundleName">Rule.behavior</text>
                <real id="compoundConditionKind">0</real>
              </attributes>
              <conditions>
                <condition id="id423224" eventType="mouse position" pluginPredicateTypeIndex="0" class="AttributeCondition">
                  <attributes>
                    <index id="conditionType">1</index>
                    <text id="subjectAttribute">game.attributes.id311460</text>
                    <text id="name">default name</text>
                  </attributes>
                  <predicate type="number">
                    <attributes>
                      <text id="operator">=</text>
                      <real id="RHS">0</real>
                    </attributes>
                  </predicate>
                </condition>
              </conditions>
            </behavior>
            <behavior id="id803540" class="RuleBehavior" enabled="true">
              <attributes>
                <text id="name">Rule</text>
                <text id="bundleName">Rule.behavior</text>
                <real id="compoundConditionKind">0</real>
              </attributes>
              <conditions>
                <condition id="id692263" eventType="mouse position" pluginPredicateTypeIndex="0" class="AttributeCondition">
                  <attributes>
                    <index id="conditionType">1</index>
                    <text id="subjectAttribute">game.attributes.id891067</text>
                    <text id="name">default name</text>
                  </attributes>
                  <predicate type="number">
                    <attributes>
                      <text id="operator">&lt;</text>
                      <real id="RHS">
                        <expression>
                          <reference keypath="game.attributes.id735605" />
                        </expression>
                      </real>
                    </attributes>
                  </predicate>
                </condition>
              </conditions>
              <behaviors>
                <behavior id="id831515" class="TimerBehavior" enabled="true">
                  <attributes>
                    <text id="name">Timer</text>
                    <text id="bundleName">Timer.behavior</text>
                    <index id="timerType">0</index>
                    <real id="interval">10</real>
                    <boolean id="runToCompletion">false</boolean>
                  </attributes>
                  <behaviors>
                    <behavior id="id252815" class="ChangeAttributeAction" enabled="true">
                      <attributes>
                        <text id="name">Change Attribute</text>
                        <text id="bundleName">ChangeAttribute.behavior</text>
                        <text id="targetAttribute">game.attributes.id891067</text>
                        <text id="RHS">
                          <expression>
                            <reference keypath="game.attributes.id891067" />
                            <string>  * 2</string>
                          </expression>
                        </text>
                      </attributes>
                    </behavior>
                  </behaviors>
                </behavior>
              </behaviors>
            </behavior>
          </behaviors>
          <aspects>
            <graphics>
              <attributes>
                <integer id="tileWidth" name="tileWidth">0</integer>
                <integer id="tileHeight" name="tileHeight">0</integer>
              </attributes>
            </graphics>
            <motion />
            <physics>
              <attributes />
            </physics>
          </aspects>
        </actor>
        <actor id="id541194" prototype="id122483">
          <attributes>
            <point id="position">
              <real id="x">240</real>
              <real id="y">480</real>
            </point>
            <size id="size">
              <real id="width">480</real>
              <real id="height">320</real>
            </size>
            <angle id="rotation">0</angle>
          </attributes>
          <behaviors />
          <aspects>
            <graphics>
              <attributes>
                <boolean id="flipVertically">true</boolean>
                <integer id="tileWidth" name="tileWidth">0</integer>
                <integer id="tileHeight" name="tileHeight">0</integer>
              </attributes>
            </graphics>
            <motion />
            <physics>
              <attributes />
            </physics>
          </aspects>
        </actor>
        <actor id="id587133" prototype="id946643">
          <attributes>
            <point id="position">
              <real id="x">243.5</real>
              <real id="y">41</real>
            </point>
            <size id="size">
              <real id="width">40</real>
              <real id="height">40</real>
            </size>
            <angle id="rotation">0</angle>
            <color id="color">
              <real id="red">1</real>
              <real id="green">1</real>
              <real id="blue">1</real>
              <real id="alpha">1</real>
            </color>
            <text id="name">Main Character</text>
          </attributes>
          <behaviors>
            <behavior id="id745625" class="AnimateBehavior" enabled="true">
              <attributes>
                <text id="name">Animate</text>
                <text id="bundleName">Animate.behavior</text>
                <text id="images">Cropped Animation 1	Cropped Animation 2</text>
                <index id="speed">5</index>
                <boolean id="loop">true</boolean>
                <boolean id="restoreActorImage">true</boolean>
              </attributes>
            </behavior>
            <behavior id="id145104" class="RuleBehavior" enabled="true">
              <attributes>
                <text id="name">Rule</text>
                <text id="bundleName">Rule.behavior</text>
                <real id="compoundConditionKind">0</real>
              </attributes>
              <conditions>
                <condition id="id668744" eventType="key" pluginPredicateTypeIndex="0" class="Key">
                  <attributes>
                    <text id="name">default name</text>
                    <index id="conditionType">0</index>
                  </attributes>
                  <predicate type="key">
                    <attributes>
                      <text id="mode">down</text>
                      <text id="keyString">right</text>
                    </attributes>
                  </predicate>
                </condition>
              </conditions>
              <behaviors>
                <behavior id="id479901" class="MoveBehavior" enabled="true">
                  <attributes>
                    <text id="name">Move</text>
                    <text id="bundleName">Move.behavior</text>
                    <angle id="direction">0</angle>
                    <index id="space">0</index>
                    <index id="moveType">0</index>
                    <real id="speed">300</real>
                  </attributes>
                </behavior>
              </behaviors>
            </behavior>
            <behavior id="id868273" class="RuleBehavior" enabled="true">
              <attributes>
                <text id="name">Rule</text>
                <text id="bundleName">Rule.behavior</text>
                <real id="compoundConditionKind">0</real>
              </attributes>
              <conditions>
                <condition id="id626270" eventType="key" pluginPredicateTypeIndex="0" class="Key">
                  <attributes>
                    <text id="name">default name</text>
                    <index id="conditionType">0</index>
                  </attributes>
                  <predicate type="key">
                    <attributes>
                      <text id="mode">down</text>
                      <text id="keyString">left</text>
                    </attributes>
                  </predicate>
                </condition>
              </conditions>
              <behaviors>
                <behavior id="id308546" class="MoveBehavior" enabled="true">
                  <attributes>
                    <text id="name">Move</text>
                    <text id="bundleName">Move.behavior</text>
                    <angle id="direction">180</angle>
                    <index id="space">0</index>
                    <index id="moveType">0</index>
                    <real id="speed">300</real>
                  </attributes>
                </behavior>
              </behaviors>
            </behavior>
            <behavior id="id133031" class="RuleBehavior" enabled="true">
              <attributes>
                <text id="name">Rule</text>
                <text id="bundleName">Rule.behavior</text>
                <real id="compoundConditionKind">0</real>
              </attributes>
              <conditions>
                <condition id="id429028" eventType="mouse position" pluginPredicateTypeIndex="0" class="AttributeCondition">
                  <attributes>
                    <index id="conditionType">1</index>
                    <text id="subjectAttribute">self.attributes.position.x</text>
                    <text id="name">default name</text>
                  </attributes>
                  <predicate type="number">
                    <attributes>
                      <text id="operator">&gt;=</text>
                      <real id="RHS">400</real>
                    </attributes>
                  </predicate>
                </condition>
                <condition id="id638399" eventType="key" pluginPredicateTypeIndex="0" class="Key">
                  <attributes>
                    <text id="name">default name</text>
                    <index id="conditionType">0</index>
                  </attributes>
                  <predicate type="key">
                    <attributes>
                      <text id="mode">down</text>
                      <text id="keyString">right</text>
                    </attributes>
                  </predicate>
                </condition>
              </conditions>
              <behaviors>
                <behavior id="id591933" class="ConstrainAttributeBehavior" enabled="true">
                  <attributes>
                    <text id="name">Constrain Attribute</text>
                    <text id="bundleName">ConstrainAttribute.behavior</text>
                    <text id="targetAttribute">self.aspects.motion.attributes.linearVelocity.x</text>
                    <text id="RHS">0</text>
                  </attributes>
                </behavior>
              </behaviors>
            </behavior>
            <behavior id="id152794" class="RuleBehavior" enabled="true">
              <attributes>
                <text id="name">Rule</text>
                <text id="bundleName">Rule.behavior</text>
                <real id="compoundConditionKind">0</real>
              </attributes>
              <conditions>
                <condition id="id896046" eventType="mouse position" pluginPredicateTypeIndex="0" class="AttributeCondition">
                  <attributes>
                    <index id="conditionType">1</index>
                    <text id="subjectAttribute">self.attributes.position.x</text>
                    <text id="name">default name</text>
                  </attributes>
                  <predicate type="number">
                    <attributes>
                      <text id="operator">&lt;=</text>
                      <real id="RHS">80</real>
                    </attributes>
                  </predicate>
                </condition>
                <condition id="id653514" eventType="key" pluginPredicateTypeIndex="0" class="Key">
                  <attributes>
                    <text id="name">default name</text>
                    <index id="conditionType">0</index>
                  </attributes>
                  <predicate type="key">
                    <attributes>
                      <text id="mode">down</text>
                      <text id="keyString">left</text>
                    </attributes>
                  </predicate>
                </condition>
              </conditions>
              <behaviors>
                <behavior id="id447095" class="ConstrainAttributeBehavior" enabled="true">
                  <attributes>
                    <text id="name">Constrain Attribute</text>
                    <text id="bundleName">ConstrainAttribute.behavior</text>
                    <text id="targetAttribute">self.aspects.motion.attributes.linearVelocity.x</text>
                    <text id="RHS">0</text>
                  </attributes>
                </behavior>
              </behaviors>
            </behavior>
          </behaviors>
          <aspects>
            <graphics>
              <attributes>
                <integer id="tileWidth" name="tileWidth">0</integer>
                <integer id="tileHeight" name="tileHeight">0</integer>
              </attributes>
            </graphics>
            <motion />
            <physics>
              <attributes />
            </physics>
          </aspects>
        </actor>
        <actor id="id544457" prototype="id420191">
          <attributes>
            <point id="position">
              <real id="x">240</real>
              <real id="y">158.5</real>
            </point>
            <size id="size">
              <real id="width">30</real>
              <real id="height">43</real>
            </size>
            <angle id="rotation">0</angle>
            <color id="color">
              <real id="alpha">0</real>
            </color>
          </attributes>
          <behaviors>
            <behavior id="id978765" class="ConstrainAttributeBehavior" enabled="false">
              <attributes>
                <text id="name">Constrain Attribute</text>
                <text id="bundleName">ConstrainAttribute.behavior</text>
                <text id="targetAttribute">scene.attributes.id895770</text>
                <text id="RHS">
                  <expression>
                    <reference keypath="self.attributes.position.y" />
                  </expression>
                </text>
              </attributes>
            </behavior>
            <behavior id="id196958" class="MoveBehavior" enabled="false">
              <attributes>
                <text id="name">Move</text>
                <text id="bundleName">Move.behavior</text>
                <angle id="direction">90</angle>
                <index id="space">0</index>
                <index id="moveType">0</index>
                <real id="speed">300</real>
              </attributes>
            </behavior>
            <behavior id="id342670" class="ControlCameraBehavior" enabled="false">
              <attributes>
                <text id="name">Control Camera</text>
                <text id="bundleName">ControlCamera.behavior</text>
              </attributes>
            </behavior>
          </behaviors>
          <aspects>
            <graphics>
              <attributes>
                <integer id="tileWidth" name="tileWidth">0</integer>
                <integer id="tileHeight" name="tileHeight">0</integer>
              </attributes>
            </graphics>
            <motion />
            <physics>
              <attributes />
            </physics>
          </aspects>
        </actor>
        <actor id="id606186" prototype="id147422">
          <attributes>
            <point id="position">
              <real id="x">394.5</real>
              <real id="y">831.5</real>
            </point>
            <size id="size">
              <real id="width">33</real>
              <real id="height">37</real>
            </size>
            <angle id="rotation">0</angle>
            <color id="color">
              <real id="red">0</real>
              <real id="green">0.933333333333333</real>
              <real id="blue">1</real>
              <real id="alpha">1</real>
            </color>
          </attributes>
          <behaviors>
            <behavior id="id497012" class="MoveBehavior" enabled="true">
              <attributes>
                <text id="name">Move</text>
                <text id="bundleName">Move.behavior</text>
                <angle id="direction">0</angle>
                <index id="space">0</index>
                <index id="moveType">0</index>
                <real id="speed">300</real>
              </attributes>
            </behavior>
          </behaviors>
          <aspects>
            <graphics>
              <attributes>
                <integer id="tileWidth" name="tileWidth">0</integer>
                <integer id="tileHeight" name="tileHeight">0</integer>
              </attributes>
            </graphics>
            <motion />
            <physics>
              <attributes />
            </physics>
          </aspects>
        </actor>
        <actor id="id972046" prototype="id668883">
          <attributes>
            <point id="position">
              <real id="x">32.5</real>
              <real id="y">24</real>
            </point>
            <size id="size">
              <real id="width">45</real>
              <real id="height">45</real>
            </size>
            <angle id="rotation">0</angle>
            <image id="image">Left Arrow</image>
          </attributes>
          <aspects>
            <graphics>
              <attributes />
            </graphics>
            <motion />
            <physics>
              <attributes />
            </physics>
          </aspects>
        </actor>
        <actor id="id663311" prototype="id382660">
          <attributes>
            <point id="position">
              <real id="x">449.5</real>
              <real id="y">27</real>
            </point>
            <size id="size">
              <real id="width">45</real>
              <real id="height">45</real>
            </size>
            <angle id="rotation">0</angle>
            <image id="image">Right Arrow</image>
          </attributes>
          <aspects>
            <graphics>
              <attributes />
            </graphics>
            <motion />
            <physics>
              <attributes />
            </physics>
          </aspects>
        </actor>
        <actor id="id966723" prototype="id935557">
          <attributes>
            <point id="position">
              <real id="x">442</real>
              <real id="y">288.5</real>
            </point>
            <size id="size">
              <real id="width">68</real>
              <real id="height">57</real>
            </size>
            <angle id="rotation">0</angle>
            <color id="color">
              <real id="red">1</real>
              <real id="green">1</real>
              <real id="blue">1</real>
              <real id="alpha">0</real>
            </color>
          </attributes>
          <behaviors>
            <behavior id="id858908" class="DisplayTextBehavior" enabled="true">
              <attributes>
                <text id="name">Display Text</text>
                <text id="bundleName">DisplayText.behavior</text>
                <text id="text">
                  <expression>
                    <reference keypath="game.attributes.id311460" />
                  </expression>
                </text>
                <text id="font">Arial</text>
                <real id="size">30</real>
                <index id="alignment">1</index>
                <boolean id="wrap">false</boolean>
                <color id="color">
                  <real id="red">1</real>
                  <real id="green">1</real>
                  <real id="blue">1</real>
                  <real id="alpha">1</real>
                </color>
              </attributes>
            </behavior>
          </behaviors>
          <aspects>
            <graphics>
              <attributes />
            </graphics>
            <motion />
            <physics>
              <attributes />
            </physics>
          </aspects>
        </actor>
      </actors>
      <attributes>
        <text id="name">Background</text>
        <boolean id="scrollable">true</boolean>
      </attributes>
    </layer>
  </layers>
  <attributes>
    <text id="name">Initial Scene</text>
    <real id="time">0</real>
    <size id="size">
      <real id="width">480</real>
      <real id="height">320</real>
    </size>
    <boolean id="wrapX">false</boolean>
    <boolean id="wrapY">false</boolean>
    <point id="gravity">
      <real id="x">0</real>
      <real id="y">0</real>
    </point>
    <color id="color">
      <real id="red">0.411764705882353</real>
      <real id="green">0.12156862745098</real>
      <real id="blue">0.505882352941176</real>
      <real id="alpha">1</real>
    </color>
    <rect id="camera">
      <point id="origin">
        <real id="x">0</real>
        <real id="y">0</real>
      </point>
      <size id="size">
        <real id="width">480</real>
        <real id="height">320</real>
      </size>
      <size id="trackingArea">
        <real id="width">400</real>
        <real id="height">260</real>
      </size>
      <real id="rotation">0</real>
    </rect>
    <attributes id="autorotate">
      <boolean id="landscapeLeft">true</boolean>
      <boolean id="portrait">false</boolean>
      <boolean id="landscapeRight">false</boolean>
      <boolean id="portraitUpsideDown">false</boolean>
    </attributes>
    <real id="id895770" name="CameraControl">0</real>
  </attributes>
</scene>