<?xml version="1.0" encoding="utf-8"?>
<game GSCVersion="0.10.4" PGFVersion="0.19" title="My Great Project">
  <tags />
  <resolutionIndependence>0</resolutionIndependence>
  <instructions>Add game instructions here.</instructions>
  <resolution>0</resolution>
  <longDescription>A simple game.</longDescription>
  <prototypes>
    <actor id="id746328" />
    <actor id="id265916" />
    <actor id="id207893" />
  </prototypes>
  <plugins />
  <scenes>
    <scene id="id975044" />
  </scenes>
  <attributes>
    <text id="name">default name</text>
    <real id="time">0</real>
    <size id="displaySize">
      <real id="width">480</real>
      <real id="height">320</real>
    </size>
    <text id="actorTags" />
    <table id="id256011" name="random value">Table 1</table>
  </attributes>
</game>