<?xml version="1.0" encoding="utf-8"?>
<scene PGFVersion="0.19" GSCVersion="0.10.4" id="id975044">
  <layers>
    <layer id="id853847">
      <actors>
        <actor id="id981971" prototype="id746328">
          <attributes>
            <point id="position">
              <real id="x">240</real>
              <real id="y">310</real>
            </point>
            <size id="size">
              <real id="width">20</real>
              <real id="height">20</real>
            </size>
            <angle id="rotation">0</angle>
            <real id="time">0</real>
            <color id="color">
              <real id="red">0.541176470588235</real>
              <real id="green">0.168627450980392</real>
              <real id="blue">0.886274509803922</real>
              <real id="alpha">1</real>
            </color>
            <text id="tags" />
            <text id="name">Actor 1</text>
          </attributes>
          <behaviors>
            <behavior id="id510414" class="MoveBehavior" enabled="true">
              <attributes>
                <text id="name">Move</text>
                <text id="bundleName">Move.behavior</text>
                <angle id="direction">270</angle>
                <index id="space">0</index>
                <index id="moveType">0</index>
                <real id="speed">50</real>
              </attributes>
            </behavior>
            <behavior id="id692893" class="RuleBehavior" enabled="true">
              <attributes>
                <text id="name">Rule</text>
                <text id="bundleName">Rule.behavior</text>
                <real id="compoundConditionKind">0</real>
              </attributes>
              <conditions>
                <condition id="id259687" eventType="key" pluginPredicateTypeIndex="0" class="Key">
                  <attributes>
                    <text id="name">default name</text>
                    <index id="conditionType">0</index>
                  </attributes>
                  <predicate type="key">
                    <attributes>
                      <text id="mode">down</text>
                      <text id="keyString">right</text>
                    </attributes>
                  </predicate>
                </condition>
              </conditions>
              <behaviors>
                <behavior id="id761274" class="MoveBehavior" enabled="true">
                  <attributes>
                    <text id="name">Move</text>
                    <text id="bundleName">Move.behavior</text>
                    <angle id="direction">0</angle>
                    <index id="space">0</index>
                    <index id="moveType">0</index>
                    <real id="speed">100</real>
                  </attributes>
                </behavior>
              </behaviors>
            </behavior>
            <behavior id="id876881" class="RuleBehavior" enabled="true">
              <attributes>
                <text id="name">Rule</text>
                <text id="bundleName">Rule.behavior</text>
                <real id="compoundConditionKind">0</real>
              </attributes>
              <conditions>
                <condition id="id507249" eventType="key" pluginPredicateTypeIndex="0" class="Key">
                  <attributes>
                    <text id="name">default name</text>
                    <index id="conditionType">0</index>
                  </attributes>
                  <predicate type="key">
                    <attributes>
                      <text id="mode">down</text>
                      <text id="keyString">left</text>
                    </attributes>
                  </predicate>
                </condition>
              </conditions>
              <behaviors>
                <behavior id="id130254" class="MoveBehavior" enabled="true">
                  <attributes>
                    <text id="name">Move</text>
                    <text id="bundleName">Move.behavior</text>
                    <angle id="direction">180</angle>
                    <index id="space">0</index>
                    <index id="moveType">0</index>
                    <real id="speed">100</real>
                  </attributes>
                </behavior>
              </behaviors>
            </behavior>
          </behaviors>
          <aspects>
            <graphics>
              <attributes>
                <integer id="tileWidth" name="tileWidth">0</integer>
                <integer id="tileHeight" name="tileHeight">0</integer>
              </attributes>
            </graphics>
            <motion />
            <physics>
              <attributes />
            </physics>
          </aspects>
        </actor>
        <actor id="id567241" prototype="id265916">
          <attributes>
            <point id="position">
              <real id="x">26</real>
              <real id="y">27</real>
            </point>
            <size id="size">
              <real id="width">50</real>
              <real id="height">50</real>
            </size>
            <angle id="rotation">0</angle>
          </attributes>
          <behaviors>
            <behavior id="id510647" class="TimerBehavior" enabled="true">
              <attributes>
                <text id="name">Timer</text>
                <text id="bundleName">Timer.behavior</text>
                <index id="timerType">0</index>
                <real id="interval">1</real>
                <boolean id="runToCompletion">false</boolean>
              </attributes>
              <behaviors>
                <behavior id="id701349" class="ChangeAttributeAction" enabled="true">
                  <attributes>
                    <text id="name">Change Attribute</text>
                    <text id="bundleName">ChangeAttribute.behavior</text>
                    <text id="targetAttribute">self.aspects.motion.attributes.linearVelocity.x</text>
                    <text id="RHS">
                      <expression>
                        <string>random(tableCellValue(random value, 1, 1), tableCellValue(random value, 1, 2))</string>
                      </expression>
                    </text>
                  </attributes>
                </behavior>
              </behaviors>
            </behavior>
          </behaviors>
          <aspects>
            <graphics>
              <attributes>
                <integer id="tileWidth" name="tileWidth">0</integer>
                <integer id="tileHeight" name="tileHeight">0</integer>
              </attributes>
            </graphics>
            <motion>
              <attributes>
                <point id="linearVelocity">
                  <real id="x">150</real>
                </point>
              </attributes>
            </motion>
            <physics>
              <attributes />
            </physics>
          </aspects>
        </actor>
        <actor id="id128109" prototype="id207893">
          <attributes>
            <point id="position">
              <real id="x">215</real>
              <real id="y">186</real>
            </point>
            <size id="size">
              <real id="width">76</real>
              <real id="height">64</real>
            </size>
            <angle id="rotation">0</angle>
          </attributes>
          <behaviors />
          <aspects>
            <graphics>
              <attributes>
                <integer id="tileWidth" name="tileWidth">0</integer>
                <integer id="tileHeight" name="tileHeight">0</integer>
              </attributes>
            </graphics>
            <motion>
              <attributes>
                <point id="linearVelocity">
                  <real id="x">-100</real>
                </point>
              </attributes>
            </motion>
            <physics>
              <attributes />
            </physics>
          </aspects>
        </actor>
      </actors>
      <attributes>
        <text id="name">Background</text>
        <boolean id="scrollable">true</boolean>
      </attributes>
    </layer>
  </layers>
  <attributes>
    <text id="name">Initial Scene</text>
    <real id="time">0</real>
    <size id="size">
      <real id="width">480</real>
      <real id="height">320</real>
    </size>
    <boolean id="wrapX">false</boolean>
    <boolean id="wrapY">false</boolean>
    <point id="gravity">
      <real id="x">0</real>
      <real id="y">0</real>
    </point>
    <color id="color">
      <real id="red">0.498039215686275</real>
      <real id="green">1</real>
      <real id="blue">0.831372549019608</real>
      <real id="alpha">1</real>
    </color>
    <rect id="camera">
      <point id="origin">
        <real id="x">0</real>
        <real id="y">0</real>
      </point>
      <size id="size">
        <real id="width">480</real>
        <real id="height">320</real>
      </size>
      <size id="trackingArea">
        <real id="width">400</real>
        <real id="height">260</real>
      </size>
      <real id="rotation">0</real>
    </rect>
    <attributes id="autorotate">
      <boolean id="landscapeLeft">true</boolean>
      <boolean id="portrait">false</boolean>
      <boolean id="landscapeRight">false</boolean>
      <boolean id="portraitUpsideDown">false</boolean>
    </attributes>
  </attributes>
</scene>