<?xml version="1.0" encoding="utf-8"?>
<actor id="id350426" PGFVersion="0.19" GSCVersion="0.10.4">
  <attributes>
    <text id="name">Club</text>
    <real id="time">0</real>
    <point id="position">
      <real id="x">0</real>
      <real id="y">0</real>
    </point>
    <size id="size">
      <real id="width">40</real>
      <real id="height">40</real>
    </size>
    <angle id="rotation">0</angle>
    <color id="color">
      <real id="red">0.250980392156863</real>
      <real id="green">1</real>
      <real id="blue">0</real>
      <real id="alpha">1</real>
    </color>
    <image id="image" />
    <text id="tags" />
    <boolean id="preloadArt">true</boolean>
  </attributes>
  <behaviors>
    <behavior id="id563342" class="MoveBehavior" enabled="true">
      <attributes>
        <text id="name">Move</text>
        <text id="bundleName">Move.behavior</text>
        <angle id="direction">
          <expression>
            <string>random(230, 270)</string>
          </expression>
        </angle>
        <index id="space">0</index>
        <index id="moveType">0</index>
        <real id="speed">100</real>
      </attributes>
    </behavior>
    <behavior id="id946453" class="AnimateBehavior" enabled="true">
      <attributes>
        <text id="name">Animate</text>
        <text id="bundleName">Animate.behavior</text>
        <text id="images">Cropped Flyer 1 - Copy	Cropped Flyer 2 - Copy</text>
        <index id="speed">5</index>
        <boolean id="loop">true</boolean>
        <boolean id="restoreActorImage">true</boolean>
      </attributes>
    </behavior>
    <behavior id="id117800" class="RuleBehavior" enabled="true">
      <attributes>
        <text id="name">Rule</text>
        <text id="bundleName">Rule.behavior</text>
        <real id="compoundConditionKind">0</real>
      </attributes>
      <conditions>
        <condition id="id670251" eventType="overlaps or collides" pluginPredicateTypeIndex="0" class="Collision">
          <attributes>
            <text id="name">default name</text>
            <index id="conditionType">0</index>
          </attributes>
          <predicate type="collision">
            <attributes>
              <text id="prototypeKey">id946643</text>
              <text id="actorTag" />
              <real id="mode">0</real>
            </attributes>
          </predicate>
        </condition>
      </conditions>
      <behaviors>
        <behavior id="id687363" class="ResetGameAction" enabled="true">
          <attributes>
            <text id="name">Reset Game</text>
            <text id="bundleName">ResetGame.behavior</text>
            <boolean id="enableAdvertisement">false</boolean>
          </attributes>
        </behavior>
      </behaviors>
    </behavior>
  </behaviors>
  <aspects>
    <graphics>
      <attributes>
        <boolean id="visible">true</boolean>
        <enumeration id="blendingMode">0</enumeration>
        <enumeration id="horizontalWrap">0</enumeration>
        <enumeration id="verticalWrap">0</enumeration>
        <enumeration id="horizontalAnchor">0</enumeration>
        <enumeration id="verticalAnchor">0</enumeration>
        <boolean id="flipHorizontally">false</boolean>
        <boolean id="flipVertically">false</boolean>
        <integer id="tileWidth">0</integer>
        <integer id="tileHeight">0</integer>
      </attributes>
    </graphics>
    <motion>
      <attributes>
        <point id="linearVelocity">
          <real id="x">0</real>
          <real id="y">0</real>
        </point>
        <real id="angularVelocity">0</real>
        <real id="maxSpeed">0</real>
        <boolean id="applyMaxSpeed">false</boolean>
      </attributes>
    </motion>
    <physics>
      <attributes>
        <real id="density">1</real>
        <real id="friction">3</real>
        <real id="restitution">1</real>
        <boolean id="fixedRotation">false</boolean>
        <boolean id="movable">true</boolean>
        <enumeration id="collisionShape">0</enumeration>
        <real id="drag">0</real>
        <real id="angularDrag">0</real>
      </attributes>
    </physics>
  </aspects>
</actor>